{
  "project_info": {
    "project_number": "937040885870",
    "firebase_url": "https://video-9f72f.firebaseio.com",
    "project_id": "video-9f72f",
    "storage_bucket": "video-9f72f.appspot.com"
  },
  "client": [
    {
      "client_info": {
        "mobilesdk_app_id": "1:937040885870:android:02bf1aa3ec1163e5",
        "android_client_info": {
          "package_name": "blakperl.com.www.inch"
        }
      },
      "oauth_client": [
        {
          "client_id": "937040885870-4gvjg82483cmrpe0jvi429qgng6eali0.apps.googleusercontent.com",
          "client_type": 1,
          "android_info": {
            "package_name": "blakperl.com.www.inch",
            "certificate_hash": "bc0f5c908bfbcffbe1963268c2c0154a90487c07"
          }
        },
        {
          "client_id": "937040885870-3vvd2brfv9kmq7ci7sobp3akk3nr718g.apps.googleusercontent.com",
          "client_type": 3
        }
      ],
      "api_key": [
        {
          "current_key": "AIzaSyC2uZdWcoHsEXqfCe3bBf80S8L4fqKLuxU"
        }
      ],
      "services": {
        "analytics_service": {
          "status": 1
        },
        "appinvite_service": {
          "status": 2,
          "other_platform_oauth_client": [
            {
              "client_id": "937040885870-3vvd2brfv9kmq7ci7sobp3akk3nr718g.apps.googleusercontent.com",
              "client_type": 3
            }
          ]
        },
        "ads_service": {
          "status": 2
        }
      }
    },
    {
      "client_info": {
        "mobilesdk_app_id": "1:937040885870:android:b1317f72df172a5b",
        "android_client_info": {
          "package_name": "com.chat.indian.inch"
        }
      },
      "oauth_client": [
        {
          "client_id": "937040885870-k0uesuuarp5neq2osp3trcb2hjrdtg8e.apps.googleusercontent.com",
          "client_type": 1,
          "android_info": {
            "package_name": "com.chat.indian.inch",
            "certificate_hash": "bc0f5c908bfbcffbe1963268c2c0154a90487c07"
          }
        },
        {
          "client_id": "937040885870-3vvd2brfv9kmq7ci7sobp3akk3nr718g.apps.googleusercontent.com",
          "client_type": 3
        }
      ],
      "api_key": [
        {
          "current_key": "AIzaSyC2uZdWcoHsEXqfCe3bBf80S8L4fqKLuxU"
        }
      ],
      "services": {
        "analytics_service": {
          "status": 1
        },
        "appinvite_service": {
          "status": 2,
          "other_platform_oauth_client": [
            {
              "client_id": "937040885870-3vvd2brfv9kmq7ci7sobp3akk3nr718g.apps.googleusercontent.com",
              "client_type": 3
            }
          ]
        },
        "ads_service": {
          "status": 2
        }
      }
    },
    {
      "client_info": {
        "mobilesdk_app_id": "1:937040885870:android:c63325a08425dc3b",
        "android_client_info": {
          "package_name": "com.www.idude"
        }
      },
      "oauth_client": [
        {
          "client_id": "937040885870-3vvd2brfv9kmq7ci7sobp3akk3nr718g.apps.googleusercontent.com",
          "client_type": 3
        }
      ],
      "api_key": [
        {
          "current_key": "AIzaSyC2uZdWcoHsEXqfCe3bBf80S8L4fqKLuxU"
        }
      ],
      "services": {
        "analytics_service": {
          "status": 1
        },
        "appinvite_service": {
          "status": 1,
          "other_platform_oauth_client": []
        },
        "ads_service": {
          "status": 2
        }
      }
    }
  ],
  "configuration_version": "1"
}